{
    "translation_only": true,
    "architecture": "fc_only",
    "past_window": 2,
    "resume_training": false,
    "export_stride": 50,
    "max_acc": 1,
    "max_ang_acc": 0.025,
    "device": "GPU",
    "bypass_tanh": false,
    "nn_vars": [
        "obs_vx",
        "obs_vy",
        "error_x",
        "error_y",
        "control_force_x",
        "control_force_y"
    ],
    "unsupervised": {
        "simulation_path": "/home/brener/phiflow/storage/baseline_disc/",
        "destinations_zone_growrate": 0.33,
        "n_timesteps": 1000,
        "simulation_dropout": 1.0,
        "lr_half_life": 201,
        "n_iterations": 1001,
        "learning_rate": 0.01,
        "n_before_backprop": 16,
        "model_export_stride": 100,
        "optimizer": "AdamW",
        "destinations_margins": [
            20,
            20
        ],
        "hyperparams": {
            "spatial": 15,
            "velocity": 5,
            "force": 0.1,
            "delta_force": 5.0,
            "angle": 30,
            "torque": 0,
            "ang_velocity": 0.2,
            "delta_torque": 0.025,
            "proximity": 0.1
        },
        "n_params": 2206,
        "objective_xy": [
            [
                33.48560333251953,
                46.26706314086914
            ],
            [
                47.25216293334961,
                30.946624755859375
            ],
            [
                22.284839630126953,
                40.69660568237305
            ],
            [
                37.03670883178711,
                51.75041961669922
            ],
            [
                44.64504623413086,
                33.551944732666016
            ],
            [
                36.51576614379883,
                39.22861862182617
            ],
            [
                22.78030776977539,
                28.971250534057617
            ],
            [
                32.66596603393555,
                58.396697998046875
            ],
            [
                26.291372299194336,
                40.889156341552734
            ],
            [
                24.421253204345703,
                23.620464324951172
            ],
            [
                24.340927124023438,
                32.417240142822266
            ],
            [
                30.240039825439453,
                43.290191650390625
            ],
            [
                52.62468719482422,
                29.035051345825195
            ],
            [
                59.843936920166016,
                54.745208740234375
            ],
            [
                56.36445617675781,
                50.484107971191406
            ],
            [
                27.594614028930664,
                37.297943115234375
            ],
            [
                45.219093322753906,
                44.220096588134766
            ],
            [
                20.458030700683594,
                40.830169677734375
            ],
            [
                55.492340087890625,
                57.31003952026367
            ],
            [
                30.291637420654297,
                38.74171447753906
            ],
            [
                39.62995147705078,
                54.415802001953125
            ],
            [
                46.47797393798828,
                41.96220397949219
            ],
            [
                58.75724792480469,
                26.056316375732422
            ],
            [
                29.42413330078125,
                55.90335464477539
            ],
            [
                47.88379669189453,
                48.27412033081055
            ],
            [
                28.32025146484375,
                43.295654296875
            ],
            [
                38.29972839355469,
                39.09507369995117
            ],
            [
                37.48876953125,
                37.77098846435547
            ],
            [
                40.45661163330078,
                58.884613037109375
            ],
            [
                26.091068267822266,
                21.64403533935547
            ],
            [
                34.495540618896484,
                48.18016052246094
            ],
            [
                20.94743537902832,
                43.63979721069336
            ],
            [
                54.0531120300293,
                57.150333404541016
            ],
            [
                34.76466751098633,
                37.15751266479492
            ]
        ],
        "objective_ang": [
            -0.8839085698127747,
            0.7788774967193604,
            -0.1513131558895111,
            -2.733027935028076,
            -1.6873410940170288,
            -2.4102771282196045,
            -2.2886710166931152,
            1.4148905277252197,
            -0.3054037094116211,
            0.9290153980255127,
            2.126553773880005,
            1.8714516162872314,
            -1.1167998313903809,
            2.2793195247650146,
            -2.6722939014434814,
            -2.332728624343872,
            1.9261949062347412,
            0.7243936061859131,
            -3.1083521842956543,
            1.1154677867889404,
            1.5438129901885986,
            -0.6942267417907715,
            -1.3236048221588135,
            -1.559571623802185,
            0.6116399765014648,
            -0.4470820426940918,
            -1.2198985815048218,
            2.025275468826294,
            1.1722791194915771,
            2.8357832431793213,
            1.6601979732513428,
            -1.8631443977355957,
            -0.15044856071472168,
            -1.255480170249939
        ]
    },
    "export_vars": [
        "pressure",
        "vx",
        "vy",
        "obs_mask",
        "obs_xy",
        "obs_vx",
        "obs_vy",
        "control_force_x",
        "control_force_y",
        "fluid_force_x",
        "fluid_force_y",
        "reference_x",
        "reference_y",
        "loss",
        "loss_velocity",
        "loss_spatial",
        "error_x",
        "error_y",
        "loss_ang",
        "loss_ang_vel",
        "vorticity",
        "cfl",
        "fluid_torque"
    ],
    "n_past_features": 6,
    "n_present_features": 4,
    "simulation": {
        "path": "/home/ramos/phiflow/storage/baseline_simple_noinflow2/",
        "n_steps": 101,
        "re": 1000,
        "tripping_on": false,
        "obs_density": 0.15,
        "reference_velocity": 1,
        "reference_length": 5,
        "inflow_on": false,
        "two_obstacles": false,
        "obs2_ang_vel": 0.0,
        "dt": 0.1,
        "obs_type": "disc",
        "obs_width": 5,
        "obs_height": 5,
        "time_step_scheme": "RK2",
        "domain_size": [
            80,
            80
        ],
        "obs_xy": [
            40,
            40
        ],
        "sponge_intensity": 0.01,
        "sponge_size": [
            5,
            5,
            5,
            5
        ],
        "obs_mass": 11.780972450961725,
        "obs_inertia": 49.087385212340514
    },
    "export_path": "./storage/storage/translation/online_20//",
    "ref_vars": {
        "velocity": 1,
        "length": 5,
        "force": 11.780972450961725,
        "angle": 3.141592653589793,
        "torque": 1.227184630308513,
        "time": 5.0,
        "ang_velocity": 0.2
    },
    "training_dt": 0.1
}